{
    "packingMode": "random",
    "partners_position": [],
    "weight": 0.20000000000000001,
    "color": [0.0616295470979, 0.860396455201, 0.711608124912],
    "results": [],
    "radii": [[10.0, 10.0, 10.0, 10.0, 10.0, 10.0, 10.0, 10.0, 10.0, 10.0, 10.0, 10.0, 10.0, 10.0, 10.0, 10.0, 10.0, 10.0, 10.0, 10.0, 10.0, 10.0, 10.0, 10.0, 10.0, 10.0, 10.0, 10.0, 10.0, 10.0, 10.0, 10.0, 10.0, 10.0, 10.0, 10.0, 10.0, 10.0, 10.0, 10.0, 10.0, 10.0, 10.0, 10.0, 10.0, 10.0, 10.0, 10.0, 10.0, 10.0, 10.0, 10.0, 10.0, 10.0, 10.0, 10.0, 10.0, 10.0, 10.0, 10.0, 10.0, 10.0, 10.0, 10.0, 10.0, 10.0, 10.0, 10.0, 10.0, 10.0, 10.0, 10.0, 10.0, 10.0, 10.0, 10.0, 10.0, 10.0, 10.0, 10.0, 10.0, 10.0, 10.0, 10.0, 10.0, 10.0, 10.0, 10.0, 10.0, 10.0, 10.0, 10.0, 10.0, 10.0, 10.0, 10.0, 10.0, 10.0, 10.0, 10.0, 10.0, 10.0, 10.0, 10.0, 10.0, 10.0, 10.0, 10.0, 10.0, 10.0, 10.0, 10.0, 10.0, 10.0, 10.0, 10.0, 10.0, 10.0, 10.0, 10.0, 10.0, 10.0, 10.0, 10.0, 10.0, 10.0, 10.0, 10.0, 10.0, 10.0, 10.0, 10.0, 10.0, 10.0, 10.0, 10.0, 10.0, 10.0, 10.0, 10.0, 10.0, 10.0, 10.0, 10.0, 10.0, 10.0, 10.0, 10.0, 10.0, 10.0, 10.0, 10.0, 10.0, 10.0, 10.0, 10.0, 10.0, 10.0, 10.0, 10.0, 10.0, 10.0, 10.0, 10.0, 10.0, 10.0, 10.0, 10.0, 10.0, 10.0, 10.0, 10.0, 10.0, 10.0, 10.0, 10.0, 10.0, 10.0, 10.0, 10.0, 10.0, 10.0, 10.0, 10.0, 10.0, 10.0, 10.0, 10.0, 10.0, 10.0, 10.0, 10.0, 10.0, 10.0, 10.0, 10.0, 10.0, 10.0, 10.0, 10.0, 10.0, 10.0, 10.0, 10.0, 10.0, 10.0, 10.0, 10.0, 10.0, 10.0, 10.0, 10.0, 10.0, 10.0, 10.0, 10.0, 10.0, 10.0, 10.0, 10.0, 10.0, 10.0, 10.0, 10.0, 10.0, 10.0, 10.0, 10.0, 10.0, 10.0, 10.0, 10.0, 10.0, 10.0, 10.0, 10.0, 10.0, 10.0, 10.0, 10.0, 10.0, 10.0, 10.0, 10.0, 10.0, 10.0, 10.0, 10.0, 10.0, 10.0, 10.0, 10.0, 10.0, 10.0, 10.0, 10.0, 10.0, 10.0, 10.0, 10.0, 10.0, 10.0, 10.0, 10.0, 10.0, 10.0, 10.0, 10.0, 10.0, 10.0, 10.0, 10.0, 10.0, 10.0, 10.0]],
    "cutoff_boundary": null,
    "encapsulatingRadius": 128.480790211,
    "positions2": null,
    "rejectionThreshold": 30,
    "isAttractor": false,
    "Type": "MultiSphere",
    "orientBiasRotRangeMax": -3.1415926535897931,
    "gradient": "",
    "nbMol": 0,
    "jitterMax": [1.0, 1.0, 1.0],
    "packingPriority": 0,
    "rotAxis": [
        0.0,
        0.0,
        0.0
    ],
    "overwrite_nbMol_value": 0,
    "nbJitter": 5,
    "molarity": 0,
    "useOrientBias": false,
    "rotRange": 6.2831000000000001,
    "coordsystem": "left",
    "meshFile": "der_coarse.dae",
    "orientBiasRotRangeMin": -3.1415926535897931,
    "perturbAxisAmplitude": 0.10000000000000001,
    "proba_binding": 0.5,
    "principalVector": [1.0, 0.0, 0.0],
    "offset": [0.0, 0.0, 0.0],
    "properties": {},
    "partners_name": [],
    "name": "der",
    "positions": [
        [[-6.355417158355286, -41.76404957639158, -12.245869501435358], [-48.50360422144509, -34.23599711351306, 60.7911355876253], [-36.2722821090758, 71.43577928714029, -4.560986081579853], [-27.001425968613738, 11.155167723692129, -63.29007118791752], [22.89771271091835, -70.7556947935508, -23.598263802841483], [47.57768916793469, 26.171895195240378, -11.356520048378094], [-49.106717413250465, -93.14572563770584, 1.8171224190085593], [-15.383903711910586, -68.74711411225411, 12.830891312020519], [-0.809060974968587, 52.035112886832735, 30.498282648969226], [30.68745794667031, -42.56873536390548, 26.0750238139262], [-2.001191699480699, 10.378388873032963, 29.726231101995936], [16.391320710427593, 30.399851726124698, 18.749301524937163], [30.24560690180031, -21.40897289126784, 29.63316345640467], [-44.08752588955934, 29.490031945523537, -23.11097184453606], [38.049654637469935, 0.7704005607379018, 60.28641603726377], [-42.0799212546606, -71.45289926502333, 6.906413112760724], [34.84350924494606, 22.31296593289994, -1.8657058718126784], [-35.991480117894845, -48.93782788440815, 44.60843381521019], [21.534472598661225, -29.520495735661346, -4.761606324202727], [-32.08900289046676, 5.5302749920240295, 24.538410077035174], [-74.70356857682548, 0.5548395912955583, -19.001412813914488], [-32.42083549455117, -29.23779482369857, 63.036243523706965], [4.187832883319466, -65.16805968351761, -6.047126888376884], [37.294912296069455, -49.13579245765645, -67.4528791668419], [6.8132124506121725, 33.746479119969024, -8.903601937955873], [-47.113225856907896, 21.008597364951605, 72.13432484956716], [-15.278507162975503, 49.14925536359369, 55.21512186214813], [-16.63413724943589, 16.869490187592913, -8.61327221906071], [-3.8673936323673783, -60.11265141769547, -72.79729840821074], [3.758275643844715, 42.464202591785615, 43.40878884158639], [-18.034142045172775, -74.8978824999738, -22.889717534874094], [9.979767382337739, -69.89578233883012, -79.06399782274718], [2.770318406447027, -83.74313048409657, 18.925238781450915], [15.46014766994402, -13.633174222004044, 36.70385734835204], [47.075827189186775, -44.50865022653613, -31.548561961258418], [23.2026374321012, -40.7410920738138, -68.35936515946061], [-10.475573699316628, -47.8100034055251, 10.244746735632809], [14.701667837218436, 34.29061734568559, -34.05956078435813], [-16.418818813622547, -68.68844019290017, 38.31298953411523], [-52.5289620368529, 10.310777080723126, -12.830371855833164], [29.076837408322923, -45.35522350092872, -42.599180035228706], [4.21273657895056, -32.55672010127266, -81.73768592162398], [11.455670351697274, 22.546739420751692, -64.90591655388211], [6.748038847904999, -52.39782767673438, -23.939398586781707], [-42.78825264740168, 50.731020890583736, -14.755473368918775], [-1.2080200428977232, -91.97852901672908, -1.5448532990412958], [18.538476356921322, 2.9502434332158063, 24.54414250617069], [-17.076167403934143, -34.02206561843719, 42.64895223638514], [26.61551322909795, 19.61268500093617, -74.69719020815826], [-62.62212557033056, 50.27390554309374, -25.85729945579479], [-31.82944445776646, 28.69080933996617, 22.743438445470428], [28.377744106289686, 58.70190560267568, -19.854305852436596], [23.154693651371737, 37.42597286465207, 72.34423593994734], [19.758534116094697, -65.01611168075401, -44.99860910670719], [52.77796261713483, 38.65559542430931, 14.236118252380853], [18.901752016289638, -83.38861466142606, -31.47296324485868], [-59.52804115103795, 0.10296241558394713, -28.533809657322248], [-46.219384546965344, -52.34764168712162, 26.956539665950096], [49.488448819230605, 18.88979258273308, 12.314752803849311], [25.513329461743343, -49.65931011292924, -15.415938092920642], [-32.124211942898704, 83.24237854322799, 37.72191812758463], [31.5329221537183, 11.515037725797557, 38.19384125702853], [45.63400386952066, -10.785858021924835, 13.465216347956268], [9.707353285008885, -43.820296266823426, -56.72415300109894], [-4.815567992700172, 85.41136959734825, -34.288259255624475], [-17.207239543481357, -2.714791392851885, -37.27978813865773], [6.293689298847269, -41.30503137452314, -0.7449648729070429], [-25.75644442793873, 86.72949116091594, -5.050499488155247], [-5.212855118750074, -89.82064434183859, 39.03405118879217], [-47.91683185637711, 21.69785239031377, 17.370183130416855], [-19.18041126091443, -59.42125596755544, -96.27607744002263], [48.884010591231444, -33.077664325175775, 13.609622305695241], [38.62709708231999, -22.019286714719602, 0.07673329303219922], [-3.234811466520411, 68.29081050071235, 15.413647725286607], [62.04407622236965, 25.282426184854256, 24.384875851084267], [-41.749804397057986, 94.61293406144945, -20.06999598446717], [22.328646790767706, -67.93662888170867, -66.68752804686326], [37.79771304864063, 2.490885968067096, 21.6107061843322], [-11.074709310876035, 41.81167971848429, -70.26970859047066], [-14.521749568239759, 69.7317528231419, -61.82254067091059], [8.416197562004127, 6.661114073260046, 8.210708989734266], [13.077607643529632, 54.05318678420055, -31.105881513491674], [14.02237512858995, 76.78062492419758, 29.108400199310726], [37.77176724687083, -44.71851913529592, -83.06805481638563], [25.830878716730027, -12.491125280962638, -61.38275082859944], [-23.859399623684833, -1.319763817635182, 