{
    "packingMode": "random",
    "partners_position": [],
    "weight": 0.20000000000000001,
    "color": [0.872997138482, 0.751674323275, 0.941042388455],
    "results": [],
    "radii": [[10.0, 10.0, 10.0, 10.0, 10.0, 10.0, 10.0, 10.0, 10.0, 10.0, 10.0, 10.0, 10.0, 10.0, 10.0, 10.0, 10.0, 10.0, 10.0, 10.0, 10.0, 10.0, 10.0, 10.0, 10.0, 10.0, 10.0, 10.0, 10.0, 10.0, 10.0, 10.0, 10.0, 10.0, 10.0, 10.0, 10.0, 10.0, 10.0, 10.0, 10.0, 10.0, 10.0, 10.0, 10.0, 10.0, 10.0, 10.0, 10.0, 10.0, 10.0, 10.0, 10.0, 10.0, 10.0, 10.0, 10.0, 10.0, 10.0, 10.0, 10.0, 10.0, 10.0, 10.0, 10.0, 10.0, 10.0, 10.0, 10.0, 10.0, 10.0, 10.0, 10.0, 10.0, 10.0, 10.0, 10.0, 10.0, 10.0, 10.0, 10.0, 10.0, 10.0, 10.0, 10.0, 10.0, 10.0, 10.0, 10.0, 10.0, 10.0, 10.0, 10.0, 10.0, 10.0, 10.0, 10.0, 10.0, 10.0, 10.0, 10.0, 10.0, 10.0, 10.0, 10.0, 10.0, 10.0, 10.0, 10.0, 10.0, 10.0, 10.0, 10.0, 10.0, 10.0, 10.0, 10.0, 10.0, 10.0, 10.0, 10.0, 10.0, 10.0, 10.0, 10.0, 10.0, 10.0, 10.0, 10.0, 10.0, 10.0, 10.0, 10.0, 10.0, 10.0, 10.0, 10.0, 10.0, 10.0, 10.0, 10.0, 10.0, 10.0, 10.0, 10.0, 10.0, 10.0, 10.0, 10.0, 10.0, 10.0, 10.0, 10.0, 10.0, 10.0, 10.0, 10.0, 10.0, 10.0, 10.0, 10.0, 10.0, 10.0, 10.0, 10.0, 10.0, 10.0, 10.0, 10.0, 10.0, 10.0, 10.0, 10.0, 10.0, 10.0, 10.0, 10.0, 10.0, 10.0, 10.0, 10.0, 10.0, 10.0, 10.0, 10.0, 10.0, 10.0, 10.0, 10.0, 10.0, 10.0, 10.0, 10.0, 10.0, 10.0, 10.0, 10.0, 10.0, 10.0, 10.0, 10.0, 10.0, 10.0, 10.0, 10.0, 10.0, 10.0, 10.0, 10.0, 10.0, 10.0, 10.0, 10.0, 10.0, 10.0, 10.0, 10.0, 10.0, 10.0, 10.0, 10.0, 10.0, 10.0, 10.0, 10.0, 10.0, 10.0, 10.0, 10.0, 10.0, 10.0, 10.0, 10.0, 10.0, 10.0, 10.0, 10.0, 10.0, 10.0, 10.0, 10.0, 10.0, 10.0, 10.0, 10.0, 10.0, 10.0, 10.0, 10.0, 10.0, 10.0, 10.0, 10.0, 10.0, 10.0, 10.0, 10.0, 10.0, 10.0, 10.0, 10.0, 10.0, 10.0, 10.0, 10.0, 10.0, 10.0, 10.0, 10.0, 10.0, 10.0, 10.0, 10.0, 10.0, 10.0]],
    "cutoff_boundary": null,
    "encapsulatingRadius": 140.578880427,
    "positions2": null,
    "rejectionThreshold": 30,
    "isAttractor": false,
    "Type": "MultiSphere",
    "orientBiasRotRangeMax": -3.1415926535897931,
    "gradient": "",
    "nbMol": 0,
    "jitterMax": [1.0, 1.0, 1.0],
    "packingPriority": 0,
    "rotAxis": [
        0.0,
        0.0,
        0.0
    ],
    "overwrite_nbMol_value": 0,
    "nbJitter": 5,
    "molarity": 0,
    "useOrientBias": false,
    "rotRange": 6.2831000000000001,
    "coordsystem": "left",
    "meshFile": "secY_coarse.dae",
    "orientBiasRotRangeMin": -3.1415926535897931,
    "perturbAxisAmplitude": 0.10000000000000001,
    "proba_binding": 0.5,
    "principalVector": [1.0, 0.0, 0.0],
    "offset": [0.0, 0.0, 0.0],
    "properties": {},
    "partners_name": [],
    "name": "secY",
    "positions": [
        [[-10.14394937331047, 22.146405654166127, -46.36214450930122], [-36.664795900071645, 64.59684894936115, -10.849120887108361], [-73.70911522484698, -19.081300586354875, 103.77325569972629], [23.27833634141648, -29.967335931984767, -56.327510177463054], [21.406721629899124, -26.047295781033295, -75.74297975383978], [-64.58674046527214, 33.63576403790052, -102.86083778047883], [63.73913331586688, 40.87515323482482, 8.25053738266371], [50.723213925627974, -33.35712952706543, -67.87689685295214], [17.96868293470918, 34.28886848341443, 15.536428345667463], [-45.29891128096524, 34.891096224296575, 35.14585718645913], [-44.488031290060945, -16.791805476307115, -26.562757506248182], [-18.095769694559962, 67.01598168613603, -11.279783385956136], [58.33308911493822, 15.559948984839355, 5.457702875955757], [19.782007161216047, -11.446190306964366, -25.20924470073414], [16.39153518419445, -48.140172480258784, 14.752696854893955], [32.90251059578286, -0.6177698201878663, -37.83256642642238], [-26.939298956791756, -7.728447091913751, 85.29230555221558], [-89.47263161561459, 60.91965344358764, 1.4807709828955222], [38.22436688697451, -58.061264770545776, -51.49303574268151], [4.917555626708133, -73.73584740486783, 38.47881211289367], [31.240801425107556, -81.04897648128401, 11.724755326382205], [-42.744660112034744, -43.78402442272582, 51.41983785534207], [52.968202637972595, -1.9567537524366105, 58.53684257999982], [-46.551932699087054, 32.102495653284386, 56.59761117102754], [26.497313448234042, 10.419481662812858, -69.59663846157858], [45.69188881181476, 28.029751736693058, 12.141253282075423], [-14.310628615902191, 22.507292601742083, 28.58430556346565], [26.168449818321807, 13.89989669498613, 10.429097907650888], [3.5536170828579463, 65.61918634405757, -8.524214383903798], [-3.3497621771691963, -32.81648756378289, -32.65238821657954], [46.31996835437129, -14.227313937573898, 26.12936148346651], [25.495713327524268, -56.758687840066976, -6.11145294065431], [-105.53801503973129, 45.4081205111964, 18.13788167557502], [-39.21650586760081, 15.865376763487612, 42.63458353411955], [16.115828974711356, -66.77745394331318, 5.9243329944812375], [24.19835630779969, -62.77446420952647, 24.634237599123594], [-46.03816464542866, 54.40193482308488, 18.084810153833168], [51.056344091955694, -29.998336759588504, 3.5731402675064574], [-5.260529670387029, -66.07991959790223, -43.40178806943856], [-16.34712791384643, 49.48553467873675, 44.265920756699835], [-9.10101046442902, -18.44752957540806, -22.313533265666013], [-17.36436390047344, -52.90877210030276, -20.88547839627961], [15.728231795920673, -34.698777827635816, -28.77566243996973], [39.362616932278115, 26.355591807443297, 51.39186449394563], [-24.822678740546703, -21.22964642468006, 94.90257673171129], [5.7632703998700325, 56.95100174419704, -26.49936119222571], [35.853076509989044, -34.14928148081549, 18.13687322216528], [-19.639198111099798, 7.549192005551795, -24.440906160703893], [-65.91886095644138, 43.13218843024453, 42.65506687709877], [34.38038500053069, 10.053086025979498, 40.839287872332065], [16.62616293033902, 4.943524950493155, -26.972109535274726], [-5.367044412765189, -49.20646847742307, 18.833926836707683], [17.721445853043857, 48.01307188486771, -37.17145753863608], [-49.5031001580582, -6.26043704580858, 84.76898716711979], [23.928430709859402, 29.12235282594103, -37.3941132430703], [1.958302919992961, 17.410943730080884, -23.25525925870554], [-26.299448208058298, 7.461396314916867, 64.65454425895737], [-0.9985624162579818, 41.80702241887248, -13.327311886173803], [-7.055667407230706, -33.47947604127559, -72.67896993052614], [-4.165470203468632, 45.94876731063678, -64.04733870261295], [-8.399429928569688, 2.793451355991889, 60.33844365023276], [34.94767714917119, 73.54574095898765, -3.9343466074417264], [-36.54048001736037, -10.276583995408767, -38.662077016930354], [18.622561644648496, 56.84824737114083, 0.1727385514737511], [-28.65317998127458, 2.8506865989141676, 22.435402907610996], [-82.12456289293632, 74.35993370774149, 31.959805699121233], [-59.59760467359425, 32.33585032755645, 64.25710262367122], [24.507569875146345, 43.40118732003732, 58.17906719637872], [-22.841955257450095, 7.952703417097393, -45.1957273714961], [-75.03914012129609, 28.45365176136384, -100.1147409916713], [30.65094587146958, -78.52529359364772, -55.44741200640936], [31.02463057896011, -8.275843254510253, 75.93612139613685], [-65.09141871644854, 39.76105454400615, 10.366400333695587], [12.75521898361898, 32.64574319957013, 70.17233104886176], [21.702091515671487, -54.58492259118197, -50.04257274043498], [-53.21348133780931, 37.599269510890736, -5.441399855569435], [66.404435351293, 10.28128270529415, -50.35228604805033], [-30.628417162166244, -40.79100071074389, 77.11350900615813], [-5.576339531405065, -14.173135704570358, -46.48865603028683], [50.04514154927181, 63.08298330967994, -10.28836099798153], [-27.27178214252273, -44.08971889996805, -0.47474280360497934], [-17.097379047514615, -53.949577453887834, 47.93784128888157], [13.59568784826221, -20.811363957853164, 55.823329903516694], [56.13934048529656, -29.673354838837056, -30.04198420022846], [-16.719536509715315, -39.160554742439366, 35.96189576106421], [51.59670040494265, -31.269207376279475, 